{
    "prepare_queue": {
        "installed": [],
        "uninstalled": []
    },
    "config_munge": {
        "files": {}
    },
    "installed_plugins": {
        "cordova-plugin-whitelist": {
            "PACKAGE_NAME": "com.cordova.tracker"
        },
        "cordova-plugin-ble-central": {
            "PACKAGE_NAME": "com.cordova.tracker"
        },
        "com.phonegap.plugins.bluetooth": {
            "PACKAGE_NAME": "com.cordova.tracker"
        },
        "cordova-plugin-ble": {
            "PACKAGE_NAME": "com.cordova.tracker"
        },
        "cordova-plugin-estimote": {
            "PACKAGE_NAME": "com.cordova.tracker"
        },
        "cordova-plugin-bluetooth-serial": {
            "PACKAGE_NAME": "com.cordova.tracker"
        }
    },
    "dependent_plugins": {},
    "modules": [
        {
            "file": "plugins/cordova-plugin-ble-central/www/ble.js",
            "id": "cordova-plugin-ble-central.ble",
            "pluginId": "cordova-plugin-ble-central",
            "clobbers": [
                "ble"
            ]
        },
        {
            "file": "plugins/cordova-plugin-ble-central/src/browser/BLECentralPlugin.js",
            "id": "cordova-plugin-ble-central.BLECentralPlugin",
            "pluginId": "cordova-plugin-ble-central",
            "merges": [
                "ble"
            ]
        },
        {
            "file": "plugins/cordova-plugin-ble/ble.js",
            "id": "cordova-plugin-ble.BLE",
            "pluginId": "cordova-plugin-ble",
            "clobbers": [
                "evothings.ble"
            ]
        },
        {
            "file": "plugins/cordova-plugin-estimote/plugin/src/js/EstimoteBeacons.js",
            "id": "cordova-plugin-estimote.EstimoteBeacons",
            "pluginId": "cordova-plugin-estimote",
            "clobbers": [
                "estimote"
            ]
        },
        {
            "file": "plugins/cordova-plugin-bluetooth-serial/www/bluetoothSerial.js",
            "id": "cordova-plugin-bluetooth-serial.bluetoothSerial",
            "pluginId": "cordova-plugin-bluetooth-serial",
            "clobbers": [
                "window.bluetoothSerial"
            ]
        },
        {
            "file": "plugins/cordova-plugin-bluetooth-serial/src/browser/bluetoothSerial.js",
            "id": "cordova-plugin-bluetooth-serial.BluetoothSerial_browser",
            "pluginId": "cordova-plugin-bluetooth-serial",
            "clobbers": [
                "window.bluetoothSerial"
            ]
        }
    ],
    "plugin_metadata": {
        "cordova-plugin-whitelist": "1.2.1",
        "cordova-plugin-ble-central": "1.0.4",
        "com.phonegap.plugins.bluetooth": "0.9",
        "cordova-plugin-ble": "1.0.1",
        "cordova-plugin-estimote": "0.8.0",
        "cordova-plugin-bluetooth-serial": "0.4.5"
    }
}